id;first_name;last_name;email;phone_number;address;city;country;birthdate
1;Chester;Douglas;Oral.Schmitt89@yahoo.com;untrue plait;swine;Haroldborough;Cook Islands;2024-10-07
2;Stevie;Wolff;Josiah.Keebler@yahoo.com;mockingly astride daily;inspection;Mount Prospect;Mongolia;2024-10-07
3;Reba;Muller;Gaston.Reichert@hotmail.com;contradict;gastropod meager calculus;Karamouth;Reunion;2024-10-06
4;Jade;Murphy;Josefina.McGlynn@hotmail.com;as;surprisingly consequently;New Emmett;Pitcairn Islands;2024-10-07
5;Stefanie;Strosin;Roscoe.Ryan@hotmail.com;mid;middle yippee unfit;Fort Elenaside;American Samoa;2024-10-06
6;Jeanie;Reilly;Billie58@yahoo.com;worriedly grizzled sun;gah;Beavercreek;Djibouti;2024-10-06
7;Angie;Hodkiewicz;Janet.Prosacco@hotmail.com;when;hypothesise stump;Lake Deloresfurt;Democratic Republic of the Congo;2024-10-07
8;Jessica;Macejkovic;Rosamond16@gmail.com;easily oof duh;though minority;Metairie;Yemen;2024-10-06
9;Estevan;Reichert;Ellie.Bartoletti@yahoo.com;monthly;among;Palm Springs;Mali;2024-10-06
10;Lexi;Haag;Milo_Lehner@yahoo.com;um besides after;hmph mortally;Fort Lyricshire;Slovenia;2024-10-06
